{
  "toxic": 0.6749999999999999,
  "severe_toxic": 0.95,
  "obscene": 0.8899999999999999,
  "insult": 0.8499999999999999,
  "threat": 0.945,
  "identity_hate": 0.95
}