{
  "toxic": 0.7,
  "severe_toxic": 0.95,
  "obscene": 0.8749999999999999,
  "insult": 0.9199999999999999,
  "threat": 0.9099999999999999,
  "identity_hate": 0.95
}