{
  "toxic": 0.8899999999999999,
  "severe_toxic": 0.7449999999999999,
  "obscene": 0.8649999999999999,
  "insult": 0.84,
  "threat": 0.3999999999999999,
  "identity_hate": 0.8799999999999999
}